Name,Average
Alice,85.0
Bob,82.66666666666667
Charlie,86.33333333333333
David,67.66666666666667
Eve,92.0
Frank,57.666666666666664
Grace,81.66666666666667
Hank,72.33333333333333
Ivy,87.66666666666667
Jack,91.66666666666667
